agent_id,agent_name,location
321500,Samuel Racine,Northeast
321510,Eugena Esser,Northeast
321520,Michel Averette,Northeast
321530,Renetta Carew,Northeast
321540,Cara Clarke,Northeast
321550,Lavera Oles,Northeast
321560,Elba Felder,Northeast
321570,Shawanda Selke,Northeast
321580,Sibyl Lauria,Northeast
321590,Necole Victory,Northeast
321600,Ernestine Pickron,Northeast
321610,Ayesha Monica,Northeast
321620,Retha Sears,Northeast
321630,Julia Behrman,Northeast
321640,Tia Amato,Northeast
321650,Akilah Drinkard,Northeast
321660,Silvana Virden,Northeast
321670,Nakesha Renn,Northeast
321680,Elna Condello,Northeast
321690,Gianna Dossey,Northeast
321700,Debroah Wardle,Northeast
321710,Sherlene Wetherington,Midwest
321720,Chau Rowles,Midwest
321730,Carletta Kosinski,Midwest
321740,Charles Bidwell,Midwest
321750,Cliff Meints,Midwest
321760,Delilah Krum,Midwest
321770,Kathleen Lalonde,Midwest
321780,Julie Starr,Midwest
321790,Cordell Rieder,Midwest
321800,Earlie Schleusner,Southeast
321810,Moon Torian,Southeast
321820,Dorotha Seawell,Southeast
321830,Maren Musto,Southeast
321840,Vernita Plump,Southeast
321850,Calvin Ollison,Southeast
321860,Saran Ram,Southeast
321870,Derrick Boggess,Southeast
321880,Babette Soukup,Southeast
321890,Nelle Meaux,Southeast
321900,Soraya Fulton,West
321910,Brandie Riva,West
321920,Marquetta Laycock,West
321930,Hilma Busick,West
321940,Arica Stoltzfus,West
321950,Elwood Shutt,West
321960,Maryanna Fiorentino,West
321970,Georgianna Chisholm,West
321980,Micha Woodford,West
321990,Dawna Agnew,West
